Review,Sentiment
"I love this product! Works perfectly. 😊",1
"Terrible quality. Completely useless.",0
"Pretty good overall, would buy again.",1
"Not worth the money at all.",0
"Excellent customer service and fast delivery!",1
"Bad packaging. Item arrived damaged.",0
"Absolutely fantastic experience!",1
"I hate it. Waste of time and money.",0
"Decent item for the price.",1
"Terrible, terrible, terrible!!!",0
"Amazing quality for this price range.",1
"Not great. Expected better performance.",0
"Very satisfying purchase 🤩",1
"Awful smell and very cheap build.",0
"This is okay, nothing special.",0
"Perfect! Exactly what I needed!",1
"Did not meet my expectations.",0
"Incredible build quality!",1
"Poor experience from start to finish.",0
"I’m happy with the purchase.",1
