Feature1,Feature2,Feature3,Feature4,Feature5,Category
54.96714153011233,36.001574930118025,28.954237674986608,102.50449005295815,194.5131067668548,B
48.61735698828815,35.89701047586166,23.063728420233666,91.41188917749494,241.24629257444553,C
56.47688538100692,45.207726803396454,32.02989187014145,102.44595006064567,180.62107462626395,B
65.23029856408026,52.41914182008792,34.84429811924137,110.86596058072776,176.02423980049238,C
47.658466252766644,35.8764456448171,23.37552704164271,100.97720140651408,185.51769433453902,C
47.6586304305082,41.24115400614406,27.632119310426283,100.81183382407765,171.40014175223862,C
65.79212815507391,47.29560037714616,33.99545535053716,85.96016624386489,203.68010947984388,B
57.67434729152909,45.42758040811681,29.884311799027856,86.74198164898104,248.7403537540868,A
45.30525614065048,36.845683071079876,30.815002652049998,71.94789456400613,209.69237819348086,A
55.42560043585965,46.91267451898146,29.260442954409005,134.9915348637388,192.42939493621137,B
,39.85073284794475,27.148026416915886,75.1227352921743,191.24566193253366,A
45.34270246429743,30.650951512248604,19.69674182547732,86.14189604408185,153.10427573910027,A
52.41962271566034,34.26512731885016,29.773500660610043,85.63185468861604,226.49329331441476,C
30.86719755342202,31.082142152230162,22.54371861260741,117.89848753888883,197.66488408961595,C
32.75082167486967,27.862227399793696,23.630937337730124,94.10100643415944,194.58560259228122,B
44.37712470759027,31.759267083289444,16.289245466154725,124.95484145347467,295.7932270353458,B
39.87168879665576,39.65311091493723,28.825378703933097,86.53018751512263,208.96258725097059,A
,43.092351832226484,33.72316946505229,105.57988324447604,177.44626849714447,C
40.91975924478789,38.63229331614944,27.371741278406308,83.29305893480486,187.2092721138337,B
35.87696298664709,29.039162796368213,24.58933545771915,142.90298255546776,234.45337127590264,B
64.65648768921554,62.028929775782366,41.35109704264617,76.24803161940974,203.39811231613294,B
47.74223699513465,46.97049380832374,38.51673542656893,106.19641420454055,156.851660650479,B
50.67528204687924,39.29540489510803,36.70237592105262,112.67553761864197,227.5768680372561,B
35.75251813786544,33.45986926506413,21.970554243786253,,179.95567743383018,B
44.556172754748175,38.871817951724275,25.428262480603905,96.29424682244583,256.19893328652637,A
51.10922589709866,47.730538505340675,39.224914862209275,97.40358600533148,232.40144197143945,C
38.490064225776976,25.96743407772106,24.49549243732759,,186.58034313023745,C
53.75698018345672,46.43584144675758,30.413648904117228,97.05995996743023,238.4304908520534,B
43.99361310081195,40.4870129148975,26.66016177204482,119.27758233589819,202.0356653158221,C
47.083062502067236,28.87275256953822,19.083788363234724,144.21046003182704,225.58321025366658,C
,29.27005453883595,15.111236133048056,88.85016429984333,214.54198451883425,C
68.52278184508938,44.62206458727101,27.560837425152915,72.60394040841845,174.6093003502738,B
49.86502775262066,38.54498802987374,22.96492855390335,98.23435903297491,180.69350503047613,B
39.422890710440996,35.12602384733261,21.51702643271631,151.59418675308638,230.89882452743484,C
58.225449121031886,54.09214455730565,37.72576164056683,83.92650864060539,189.95674003680378,C
37.791563500289776,30.603724702330698,22.35946622177757,132.78233610888134,187.8905461027401,B
,49.8139864878945,41.07179251278246,133.55401628152882,171.3463226195194,A
30.403298761202244,17.42213171788734,8.202076039565974,88.9282351658401,212.70797196780384,C
36.71813951101569,20.85759941203678,18.53760918233208,111.37966158370551,261.87574757729436,A
51.96861235869123,41.29715139246989,28.052050597826888,132.56793246257075,167.9740125723718,C
57.38466579995411,47.82805988465982,33.281787080652144,92.41744518025025,200.72658370018274,A
51.7136828118997,41.207472509049296,31.54450872500092,95.92839279795277,242.3666166624629,A
48.843517176117594,28.737603240694696,15.625434182237091,88.36638172102712,197.61075826262854,A
46.98896304410711,37.14557023772175,27.531538151141426,79.70486538614267,213.57115388749202,B
35.214780096325725,21.649476574536315,15.820442435027644,87.01444909867986,168.1281941555936,A
42.801557916052914,37.589609076992524,28.28253140992736,75.52119466475487,212.84921291622945,A
45.393612290402125,38.14788106280594,27.86019131959543,100.68166936518452,194.38567204986353,A
60.57122226218915,43.75757887811454,40.451505774323756,84.60053537882716,229.5718998703959,C
53.43618289568462,40.17961172986423,25.574768273899693,104.67571823581495,235.62158154694254,A
32.36959844637266,20.599611147653373,12.29573998335009,,277.6869092605584,C
53.24083969394795,42.27927626879251,27.102931282455696,106.61760464428914,217.38899519640728,A
46.149177195836835,41.69505335917566,26.96462887478194,116.6705792321785,209.773889497465,A
43.23077999694041,29.655993765874616,18.20964712688616,60.12528714857089,205.8315290473201,B
56.11676288840868,47.41364288831617,37.945616146251524,107.48113139695144,189.40501121567934,C
60.30999522495951,45.5967080881054,37.5997126536332,124.55337984946584,210.15451530385073,A
59.31280119116199,43.48587679161787,28.157128579134604,75.8071796261759,191.13795769582913,C
41.607824767773614,32.7511080144461,19.596353317695357,133.45144773675406,205.05382928808842,C
46.907876241487855,32.35008938109341,24.530724792311002,108.38038018732091,239.5279260682388,B
53.31263431403564,39.88186092449261,25.708410470020937,85.89976288483183,169.80372304161077,B
59.75545127122359,41.81497155403463,31.802207358846278,98.88461844684588,234.19635683387136,B
45.2082576215471,45.99023176181963,33.00485431667894,111.16653825043444,239.51345202019596,B
48.14341023336183,38.69104594654811,21.020755702594748,101.52010782824823,196.45794419026763,B
38.93665025993972,27.650692667988846,25.54550567291244,110.77511984892739,136.34435302974217,B
38.037933759193294,31.500246561025747,29.233683285100106,81.58652813841267,181.76534038716702,B
58.125258223941984,45.938566330699445,29.705841669552065,103.38721648072156,238.90983639683327,B
63.56240028570823,49.745072230900476,33.2707443218864,71.7257100619004,199.31395813103353,A
49.27989878419666,42.494752527574455,30.889788332201736,97.775478773026,170.02093303115268,C
60.03532897892024,51.81580173337272,37.608888373309,81.92184717070421,184.85675236315348,B
53.61636025047634,40.24058246232843,30.80258481432122,85.28940114820466,225.21860079513658,B
43.54880245394876,31.959950759935612,30.412783687020326,124.72186350420876,216.40200704604138,C
53.61395605508414,41.515906358309095,28.353345540840166,121.82620241188538,192.83203702490917,A
65.38036566465969,40.79468670804983,25.363091717481062,112.18276241814354,188.99526764555938,C
49.64173960890049,32.13743637612763,16.97892855123123,78.15374470654842,188.24725552868534,C
65.64643655814007,59.351520583734676,38.622344248846595,93.67183100610396,172.3276944650449,B
23.802548959102555,27.266877734788466,18.954306522856736,124.26195399958367,248.46127068408325,C
58.21902504375224,45.3300398372199,38.909259340125075,102.83433827279809,190.3303859236598,C
50.870470682381715,43.579161361184205,28.434967756684255,146.3865907996339,236.5147556247649,B
47.009926495341325,39.16419196899074,28.310086184849112,107.86635678788744,245.63948155767355,B
50.91760776535502,56.128490254560205,39.22425159390113,103.84098232980062,229.9493269444388,B
30.124310853991073,29.697323240365744,25.541699362048355,93.81767071594997,187.05139061845856,B
47.80328112162488,37.60303693989607,36.42985556142173,102.67081809564564,212.1119027100983,C
53.57112571511746,38.07919836909184,24.531963766683006,96.95060327238912,199.27413180827253,C
64.77894044741517,43.790920756644276,28.6958867595781,114.1621735337718,172.88894417809615,A
44.81729781726352,36.871156433146936,29.986453011479142,119.13404633589168,209.7307784516481,A
41.91506397106812,29.750297450432985,23.552774173808334,84.28021078984101,164.62880626520592,C
44.982429564154636,28.87467510333534,27.59910187527887,73.37534092884444,235.6303816538469,A
59.15402117702074,44.09035252040396,33.19895950558663,63.27589253793407,186.0614810810482,C
53.287511096596845,37.2222688592055,24.61841983829561,110.15982653825087,206.03478967618517,A
44.70239796232961,44.19762654522651,33.30095790442779,77.93266787652253,208.49863614638426,B
55.13267433113356,48.5143382496541,38.3948510970895,56.94218814095034,192.23285078887767,A
50.9707754934804,40.73675718820124,31.79765875653032,107.77157209061929,217.60081404425824,B
59.68644990532889,55.14888061871325,40.63331255752846,149.8599903486558,185.75289030132427,B
42.979469061226474,34.770416787219276,28.605990509410105,99.87858176920213,226.1389189237173,B
46.723378534022316,33.07228182057654,27.827779636186268,116.76981548903284,159.62060959259753,B
46.078918468678424,44.47875516129103,36.663764577053826,101.6365871709513,203.79138738639236,A
35.364850518678814,30.986430633366346,24.285340993715014,98.02220693617714,258.16786997174853,C
52.96120277064576,37.18273144488433,25.359439690151614,118.38152965975537,169.99006026183275,B
52.610552721798896,41.13674878702108,29.38257889664804,94.19450911622697,179.66765088425444,A
50.05113456642461,35.66281638621591,29.790007336384562,105.34784628143805,215.41723548976745,B
47.65412866624853,31.209304278177143,18.578770310775052,106.43395612392027,205.38745345818793,A
35.84629257949586,33.3079218012549,24.79023849637003,86.63819092713902,210.51890297820677,A
45.79354677234641,46.181920620227785,30.753989184850006,119.84084699073045,214.6756139044299,A
46.572854834732304,30.265445998690137,21.300791490822366,96.50080486609183,219.0416440568531,C
41.97722730778381,36.3966280296799,30.591447071205128,84.88509681014311,233.29099525868668,A
48.387142883339905,35.45650146106279,25.583947294823567,110.73019687140807,212.29455970785537,A
54.040508568145384,40.79677993569283,28.743492147609576,82.03064036417925,192.76227036144374,C
68.8618590121053,52.127517588489894,31.049837748023247,100.56362314738257,220.17721103608193,C
51.74577812831839,37.076668654255634,28.938682322087825,99.81762006711593,256.99645804685645,A
52.57550390722764,42.30301126550625,32.19404461041867,121.71791131663156,196.0209876085228,C
49.25554084233833,35.24968209181548,33.32779635749267,109.49396465759905,170.76412085988076,B
30.812287847009586,26.002114406506863,16.9703671447428,99.49946082509712,233.21242007860917,B
49.73486124550783,39.53669844916058,28.55229022506816,116.35532598400574,196.38856508139204,C
50.60230209941027,39.287101445196164,28.498505746480337,127.80415098034626,134.81991361957893,C
74.63242112485287,55.16811858967431,44.92749613182591,111.15620612703725,225.42265031451265,A
48.076390352188774,35.577255628909356,24.52289681068874,100.20705239686761,183.94015442138232,C
53.015473423336125,46.18933486779768,33.44862051053973,73.7632753529968,197.28400153087517,A
49.65288230294757,42.22689178047996,31.990410285202127,78.69772673849255,209.95940991707045,B
38.31321962380468,25.762799475050986,18.780396125161122,93.89550591290664,205.714990393372,C
61.42822814515021,49.6392440432663,32.961736372084296,87.80975595681434,221.2835545141712,A
57.519330326867745,49.77239987835315,35.61703988644043,96.26057394029108,186.9354088829047,A
57.910319470430466,37.98122917073752,30.881387418955352,101.13299849794214,215.39317394528248,B
40.906125452052606,35.44170132354176,20.703129728834988,110.59385508713461,192.21359967248247,C
64.02794310936099,47.90923569275956,34.068343681519195,98.59002443881818,222.16431442662508,B
35.98148937207719,31.638184840627552,19.346246128682594,109.73003287652404,218.46102452039162,A
55.868570938002705,40.87856096768958,33.39517919308207,101.2894882962024,171.93683893866213,A
71.90455625809979,48.49923450315724,27.856716533074962,60.490668672922574,232.57946348525098,C
40.09463674869312,23.93799720953868,14.52091065759072,81.21329212362491,183.92109664657855,A
44.33702270397228,35.71004289648474,26.5058775277974,97.1182488855677,224.24173394843436,C
50.99651365087641,42.095823429308545,35.72917251745334,75.80610514317785,211.01861940204023,B
44.96524345883801,31.45061164154837,21.752427104791906,111.9985745999241,255.14551030385368,C
34.493365689338674,30.78765484535781,19.330560284977672,130.61501664687395,193.29602052884442,C
50.68562974806027,32.240903487103424,30.093260718734754,124.37523703394633,189.52049611645407,A
39.37696286273895,31.17117129695458,16.027764306203228,95.73114258139584,199.417411823368,A
54.73592430635182,37.733658446269175,17.61833708590809,129.81452273699904,190.90460651497173,C
,29.385425587118785,22.329855711196476,102.97334914404223,223.99825705826152,A
65.4993440501754,52.63646859672239,34.837311120295226,93.25828057763921,151.51068174690238,A
42.16746707663763,29.43190683489034,16.517403515900384,87.7319467291812,168.38952742560937,A
46.77938483794324,35.50073014920547,27.68393689364124,93.95060627023743,167.9659123526242,C
58.135172173696695,51.53960178502956,37.05292410460549,92.23646362917543,228.50922775920728,A
37.69135683566045,27.268626120912614,16.831723761691915,103.40832444750976,251.31840117745776,C
52.27459934604129,45.99814003715875,27.077480431327544,103.2114796209973,196.86652344387585,A
63.07142754282428,44.808607760971334,34.855854745800514,100.0609204030683,194.93534830429968,B
33.92516765438772,29.789155013086592,23.45321322099526,108.73876339492699,202.10156489339545,A
51.84633858532304,48.68491397154794,33.68273632496602,123.81292549572683,234.85634907824573,A
52.598827942484235,29.72083985335094,28.191135881536322,118.99108270882647,172.1794059742828,C
57.8182287177731,42.2701066968661,25.308735622501658,70.30204063100193,207.15106948204357,C
37.63049289121918,32.989754948878044,16.990727780515677,48.9215773019609,229.25592889347288,A
36.795433869157236,28.421120165110825,17.127151836052597,118.68639822478548,215.03282509819536,B
55.21941565616898,46.03126189179173,32.039539258832214,72.66242603169158,205.6874484979623,A
52.96984673233186,39.35595145228639,28.52252381389124,95.50469196214632,230.03138277701424,A
52.504928503458764,42.436891740131514,28.740879986666737,76.59773947881281,118.90303121002289,B
53.46448209496975,41.99319949901541,30.803461235367973,63.9603912483996,220.33625958592722,C
43.19975278421509,40.39871253567111,23.272941078208,110.82925456409576,180.37772950617727,A
52.322536971610035,43.130133793794094,35.9661520719489,115.18310320605293,145.0810130943063,C
52.93072473298681,44.03259309676547,30.49421045416555,88.4697919854656,215.33607798574943,C
42.85648581973632,32.22580382517672,27.027246003976213,48.179154157101806,241.20975635488873,B
68.65774511144757,52.48816496879559,38.112616863667725,89.07511103495034,195.87654456116925,B
54.73832920911788,41.627872428196206,30.96652357635248,107.83608010805094,228.58623641608816,C
38.08696502797351,32.4418327342703,24.988352034918027,70.42176862451743,248.36834773965936,A
56.5655360863383,43.147506464969325,31.994088765547783,103.66719839558311,239.44743360752142,C
40.253183297726785,33.6514209226635,26.126885685334624,99.69380301654009,249.19893588114178,A
57.87084603742452,56.67368082316682,44.988186696746496,111.58582999202177,222.26382473215676,A
61.58595579007404,53.624388149217694,38.32315638325826,102.39160736828306,202.26300916704778,B
41.7931768164829,31.804423792347116,25.099111684997027,80.53862118236889,151.94102564308494,A
59.63376129244322,53.7130786447743,37.240212274193105,123.93143003328983,192.61812535610153,A
54.12780926936498,41.26187055038423,34.64377824706685,96.8294085394606,174.70260214051424,C
58.2206015999449,36.385858604066655,22.764531814609576,99.45390920980137,265.12828152493444,B
68.96792982653947,50.13391230664456,42.29750034629445,81.33464081853609,194.7234256270299,A
47.54611883997129,28.68293546684776,19.917423024216056,91.13435497616979,203.69614420353457,A
42.4626383564251,32.212543264933544,16.825679876981287,82.30394571946198,216.54456128121402,B
41.10485570374477,32.97597645894358,23.595601180903657,96.54107880153154,201.30807339117362,C
41.841897150345616,41.85570428165291,26.574786367257513,134.23416960284686,250.8515312129226,B
49.228982905858956,41.01782319350798,32.07505043141048,72.56197714137286,181.32051914796645,B
53.41151974816644,41.63371315448883,26.533103290932615,67.72877204246518,205.83822365711728,A
52.766907993300194,46.3605543005576,30.667654277531202,129.42340654987217,177.72588242905854,A
58.27183249036024,35.56178944724877,17.335089689292015,95.81352645696268,160.39932466337882,C
50.13001891877907,41.28208792556609,27.08823627089995,86.61854522680167,181.64692727284142,A
64.53534077157317,55.48259858669338,29.14230170416954,120.79809374792153,198.88889608854765,A
47.35343166762044,30.489814105197148,15.007258579695108,87.88768920526272,187.1209332644822,B
77.20169166589619,67.4801235487516,50.27774510870331,,179.22737060378432,A
56.25667347765006,46.69782081959212,35.83167520831781,113.55851742678539,157.810476089845,C
41.42842443583717,31.06629997916573,23.44824023255587,90.24177183708595,197.50683282113917,B
39.29107501938888,34.59676934604253,20.349833969712915,143.14616426531006,154.85838877906994,C
54.824724152431855,55.21324361096747,38.458425103109306,87.88570153993324,222.80167891068808,B
47.76537214674149,39.121628992685665,27.37073013851769,114.84190744018613,202.4731925880351,A
57.14000494092092,46.953106884238416,28.233716062196716,105.98585160812983,156.27345501605208,B
54.73237624573545,41.48909649888715,35.05596075628961,126.03482578797596,190.72372768850408,B
49.271710873431275,35.168146851421064,28.12715195829743,131.23022393453707,177.4353078322825,A
41.532062819315954,37.37732933817399,25.280273841403137,100.64008298131533,209.57523531257542,A
34.851527753141355,23.600803072968752,16.628105507056247,84.93164259307633,240.21351338069434,C
45.53485047932979,36.785711569560796,26.583529330482765,109.19944285878233,143.74482591062767,C
58.56398794323472,44.46290312076219,22.95709271083637,86.44569260495788,203.45078237442252,A
52.14093744130204,44.107649081773594,29.886644827159124,140.26774495053246,195.1960161330008,A
37.542612212880115,31.702400296738833,19.46374321572599,102.73070662165475,220.14020229351397,A
51.73180925851182,46.57314712809895,28.594722950089604,92.69356897375782,206.39589884713067,B
53.85317379728837,40.53245704355697,27.248318758946056,103.69360611729817,177.44092004783542,B
41.16142563798867,31.579765833924082,29.296582191144946,73.05747420940607,190.42838193000145,B
51.53725105945528,36.33598226865269,27.998559033124923,,176.11922429589532,A
50.58208718446,38.244203447187445,24.486226453900024,124.00827815888852,232.28021415795794,C
38.57029702169377,32.742740082579274,25.210249183230125,86.86211442057208,200.63934946015826,A
53.577873603482836,46.64724196601303,38.25049112255313,79.0617803463612,257.0357205725902,B
55.60784526368234,39.87544959005775,31.6113494446915,110.73305505054572,198.1801755855614,B
60.830512431752766,53.01243954593051,37.347229161832054,123.71408309325994,178.74779699268612,A
60.53802052034903,55.208605710303985,36.05827688639049,114.37906621330134,154.5885682216152,A
36.22330632042909,31.045819572461777,24.524966955177604,119.92095371611633,145.90580971232166,B
40.62174960084877,41.88137874346935,30.89090666211554,84.86409822861079,152.4759217098353,B
55.1503526720866,40.251336142151416,31.75670817961692,71.56378666516312,208.0137995303445,B
55.13785950912209,37.887014090740585,29.061597070246286,130.02667303910974,215.26175069689802,A
55.150476863060476,35.22678024592699,28.856957033426234,93.54640322315728,152.564278939036,B
88.52731490654722,78.3020734826837,52.67051059163631,94.98333967089906,226.85114942228347,B
55.70890510693167,47.83895236731563,38.75684291965824,126.56388283698115,185.50816844949682,C
61.35565640180599,48.80660176689251,34.955019655594356,111.1246001880132,204.40379035956647,A
59.54001763493203,49.03185723954472,42.62334355818237,109.11775544163216,248.36661884766272,C
56.51391251305798,39.58368477395451,24.95182806940988,143.30004689802166,226.90517947596595,C
46.84730755359654,49.70660594096137,41.73847937133395,87.12963539239715,191.94408056282504,B
57.589692204932675,46.717859673822275,33.494144905526184,118.55680256162475,173.26423323754136,A
42.27174785462428,34.36437225672389,21.44938856524893,101.14026249794169,135.44553796012084,B
47.63181393259991,41.734284265573386,27.278455649684084,105.37184557726513,178.4254004227274,A
45.14636452170897,38.52213777605074,25.684107210458237,130.56936852825064,193.66609283516917,C
50.81874139386323,41.77441323648624,30.93875305114803,110.15671512579247,170.38461418546447,A
73.14658566673509,54.56489625616152,40.286769331455055,110.76592158099265,196.06229098723085,B
31.32734807408252,27.419220244945993,16.898654155707877,121.45014674619604,202.30555648876305,B
56.86260190374514,54.90020400537128,38.33272443471596,92.70094540914229,193.25432054575765,B
33.87284128810349,33.82537326125768,32.24684271732783,83.21580665321987,180.4999225752962,A
45.280681342105666,44.190478206881515,37.843507425219904,79.10381611957934,205.05964015900184,C
60.889505969673664,46.15552639358301,34.05416315420423,60.67286821247996,213.25821948708227,C
50.64280019095463,35.5662160514708,25.04836514870236,141.12414259880643,167.28802767671462,A
39.22255222070694,30.749107176067312,22.004500330120162,77.93583268556634,242.3279713923881,B
42.84696290740032,34.55619488736373,26.64340831207628,95.57492752828456,197.04235603147214,C
56.79597748934676,50.907739583832154,31.544247447888882,94.46373400222159,200.56548868834543,B
42.69633368282864,25.694743797688812,16.956814508688787,106.14813395618202,221.24643269769672,A
52.16458589581975,49.379420313958875,27.89125792426085,116.31474425078594,206.99648393790505,B
50.45571839903814,39.57453522633557,29.299067148856015,117.2094697671949,228.59409901739735,C
43.483996523941826,32.65279186941636,25.445738067402417,88.33845122862124,208.61372495605474,C
71.43944089325325,52.09103083830176,34.53097573761374,96.65756572427178,181.62687876078687,B
,36.79706881921524,32.0538952266108,105.65159900976599,210.84510575618305,A
29.74857413342393,27.91471222654872,14.637235906574737,95.02617747632905,165.68821378038015,B
51.86454314769428,41.858224354097445,23.44325752702893,132.14691152039984,203.25679117329568,A
43.38213535231612,28.25590378314763,20.67693992244323,109.81949903276502,199.0031002806662,B
58.52433334796224,40.344072818051714,32.42924418308482,114.69755572099635,193.75649428182382,C
42.07479261567299,31.980910596087757,29.122348183092903,113.25762537334825,196.14387465683208,A
48.85263558533101,47.42721609471177,31.363514214822473,123.4694771497065,143.54452863507083,A
55.049872789804574,42.74194147502564,34.23408236624313,103.62043117407414,183.53825276777116,A
58.657551941701215,39.410326787770444,27.43319487343648,74.06336104088307,202.78534703423344,C
37.997035929442234,29.168913423124067,19.727730196423565,107.99375903505283,204.79569175992202,B
46.654987641590516,35.960372264534065,28.706900335120533,86.97286212416341,169.16974577222126,C
45.25054688839044,22.7160042960045,18.510494520856827,89.42766636500487,237.97123522594103,A
43.46670767426288,34.50189180682125,17.845755636837872,111.72728037510187,174.01475455356498,B
67.65454240281096,52.96896127120538,42.98443428874735,124.76566142867271,229.0837160158021,C
54.049817109609556,46.720885511754744,38.224985274818124,100.42543153472123,212.81583085615054,A
37.391160456649544,39.15770884004636,24.908145381994334,106.17666025197927,180.6131807046859,A
59.17861947054776,52.975720724176995,38.66621864067353,134.04429889270477,253.25932677828536,C
71.22156197012633,55.632806123326915,40.919085031459794,104.81506358977137,164.1908950473056,C
60.32465260551147,42.72709254070082,30.951659841786203,,227.57462520830003,C
34.80630034045987,40.7118392886172,26.29706688665036,111.31019291263088,230.01746954128936,A
45.15765927133749,36.42221958714243,22.80906023924749,64.78474481688365,179.88139372770064,C
62.669111491866225,50.20493565305771,35.04123867317461,115.06683242209066,241.77395900192985,A
42.92330534381219,34.218018839499734,28.643529264687274,107.62316769765556,192.4986045620314,C
54.43819428146229,44.54097922900911,33.35308607868411,125.79505508165491,208.6608088783957,A
57.74634053429337,45.475270367814986,30.350231929126064,113.46362702539916,207.80965516313663,A
40.730695284219166,29.716246192974154,23.888167177675285,97.23088032032453,195.97073775588356,B
49.404746439382,36.78950244530365,14.35848122919225,75.51403527421269,224.32424819479346,C
17.58732659930927,13.906094928367425,14.32932925134561,95.8195348542795,223.8046616165664,C
39.756123586657104,29.08777501365686,13.402587394447401,82.989590915814,147.54404080285457,A
47.4743184860684,34.41522587546889,22.640894347215696,88.38953100390555,239.13020728634459,A
37.52216818035151,30.54988568274069,16.906240399413907,111.7715680884122,150.12524035892977,A
66.32411303931636,51.784404344348815,31.070357138160542,133.39809008702812,230.97638613024972,B
35.69858622039367,36.07883391922839,29.898490892973946,107.89343059645962,233.8011541048275,B
45.599555133030165,23.224795064459073,14.386551739873784,76.0823387592963,167.27100709354406,A
51.30740577286091,46.50345887790104,33.938436741453586,108.89205336440281,187.67557136136244,C
64.41273289066116,57.76061227501708,40.244746276995215,123.93262973291303,166.82885994542193,C
35.6413784882056,18.14615162852374,14.610469448859103,87.80434191361236,193.55236909133794,B
61.63163752154959,47.591872046837935,33.62159799702758,97.31965666654165,190.75897147442777,B
50.10233061019587,38.22466015817774,21.62529321397014,100.29376389458395,223.3898159680802,A
40.18491348952049,25.110372318027288,21.56232790040766,84.30203373835519,239.30926238358825,C
54.62103474263271,39.807744356151794,25.890394716661003,112.96560867687718,241.87051432369867,A
51.9905969557347,36.039598337258624,19.00139124144203,97.58103702784437,183.13495920265095,B
43.99783122841205,43.95961719984776,29.059271396029782,108.39064887814055,193.72334378766416,C
50.69802084990019,45.23680864565746,37.66880521449747,82.25015644395799,149.4968542333715,C
46.1468640313824,43.27526670007671,33.69357365850767,91.25083399353178,175.82389800511433,B
51.13517345251248,44.51649908222617,29.766940819926877,114.44762715655543,228.94554899292373,A
56.62130674521047,39.651786540082234,26.359219760783848,92.54333695816466,248.46748470644695,A
65.86016816145352,50.06553319776395,33.75933303356523,134.5392770246681,162.96953384360233,C
37.62184501173151,32.5443488155248,31.08803610511072,92.00727628770795,182.22607222541316,B
71.33033374656267,50.95362795279041,37.1952813758795,104.49369451503772,199.20782729123218,C
30.479122004774982,27.948289754681927,21.283969417041625,118.65181663746179,208.4048347645882,B
48.482149049644164,37.58409224892466,30.42999839037463,71.63268534133937,175.71189440235062,A
55.883172064845766,42.832433614128625,30.93786016599609,64.78382376038448,212.7218313339227,B
52.809918677350325,45.802734782897716,31.02574576474559,69.4868737085981,185.7848195878725,A
43.77300480179406,37.23972039886545,25.2824048828659,125.25168206854364,199.56643187365162,B
47.918777496427246,36.5301911680464,25.284728779976223,88.96283708215107,216.38852744011098,C
45.06999065341167,41.85264153955058,29.147960131646037,151.16398571336504,200.19266809432813,A
44.106352430557884,29.879765306446824,23.826353889060698,88.71504802685223,186.90842328420294,C
58.496020970210246,49.87649481088952,35.121329910851856,103.69102606394074,196.71170588222506,C
53.57015485965047,45.8216301775623,35.00570143315593,130.8421990513575,197.34911122383994,A
43.070904047393455,32.90899104134481,22.713427408507037,140.12185776318245,188.89966910353616,A
58.995998754332504,48.827464114676594,34.493765641537976,141.23007153272795,192.23611811998694,C
53.072995208766095,36.20282828508636,17.349177061432023,124.16732461186285,247.9594151151415,C
58.1286211883896,51.12303204674619,39.451433131532255,120.48125051622925,216.82758343823716,C
,44.11252005317395,32.26471794081373,111.85053898402366,191.13559045912518,C
,30.754424810028226,25.520137806458365,115.56722152333276,220.90863213532208,A
44.39818959803031,40.76359780760869,16.94949695255132,88.97628567342933,189.9854153073197,A
57.472936051232615,42.456630388272295,38.07314009091351,83.63602233155386,235.19373912759923,C
56.10370265433465,37.840655641649924,25.93010043653425,99.93251085178096,211.08926576594283,B
49.79098406035852,32.0496413806673,26.867480233417176,96.59630754950143,196.78093567987312,B
51.17327383308782,43.968668823198456,26.618444467736794,90.9354390134545,213.43150777430833,A
62.77664895788425,43.81917240382599,33.12451630292847,,152.873715437945,C
44.0842861116417,44.04139979923519,26.615317606770002,119.10610417141021,166.19697593270584,C
55.470973811700375,33.96713200994169,21.281916564175965,101.76813772583695,164.18224980802833,A
47.97807347566106,46.86474062197904,40.46144385085247,129.55060162110524,204.2882928429112,B
47.8231879677278,39.31363771019534,26.75681679408335,77.1662177173299,251.97544998455277,B
60.9877685198719,48.30664925654556,34.68438597230078,96.12681081440564,266.93900438577896,B
58.2541634898803,43.87873535785949,34.19538567325666,85.66355358794391,219.14153304322272,A
58.135096360006386,48.50375765976546,35.93535791372624,62.6692676585388,215.0253342483337,B
63.05478807154329,50.255656945110395,35.78063548215158,98.34638628314602,145.96826797541783,A
50.21003841632759,45.68454014314468,33.439022110066176,97.56504983233432,183.71978600797934,A
56.81952971294964,46.02676201366992,41.83239575052204,130.26899486484263,176.36648744275283,C
46.89733243406544,38.26937475456174,26.558087140058873,112.61623369109554,181.37457205246653,B
53.24166352488442,40.77526975883826,29.347085018046652,79.51626351341591,194.9556854424563,A
48.698569456323156,38.67412744645319,31.27450679654768,137.08185132668376,185.83728266908616,B
50.96995964992718,42.314976564402045,34.04258732691336,124.42067391050706,140.62100568872637,B
55.95157025436914,36.21041424021219,30.095411190390053,111.64195406937232,222.437307683526,C
41.81779316766527,26.713307423603652,21.254236084639295,95.47031802300336,167.8177092278058,B
70.9238727568546,60.45541867559726,37.74677342199614,80.81121526553041,207.17740592333448,C
39.93982618500298,32.80618813864209,29.49805782625385,92.55586447857894,262.2224800924992,A
37.85811387212268,29.36657441593475,15.971220519079573,121.77497239408372,172.4184622524073,B
61.581108735000676,49.357056653327504,35.76048151828538,137.69172611869217,124.0913743176101,A
57.91662693962936,48.07121007851185,30.632743654880862,130.86487056544377,191.41987334359666,B
56.24119817052155,42.29416013487043,29.34935870803733,90.22301156427451,233.02878904995714,A
56.2834550926428,41.135240447102674,30.10971795418579,77.60765133421978,258.7504236266178,B
49.87753227153085,40.88125209271309,29.90230532670025,102.81772493822407,163.11351216642748,B
41.02745628514168,27.930101140038186,21.23875381496787,64.63121268874298,214.90097669709564,B
50.75804558193726,42.64770024412217,36.30823524712011,106.46335428369562,186.0406862965984,B
43.22838288487888,26.06978828671391,20.062989006755654,97.04794827402662,196.82154937087594,B
59.75119733417751,52.946736053970234,36.086088696616564,90.67926996263516,279.33030041051103,B
48.52942618497861,41.18652836004811,32.6869185251871,68.10593865466409,154.9108901481454,B
41.745028032074885,34.676171097229286,29.03120172375906,110.27200213139433,207.6121898448372,B
46.78614158347007,42.34236818650363,24.729226470004566,89.34598320676177,214.03079515296298,B
54.12931454275624,51.63082385651788,38.531176978961945,76.60166328579425,232.5735897481804,A
44.36275447196025,40.56205390265885,31.19812870110479,42.55475573436701,202.93949460412685,C
41.77779604433569,24.217865678810327,15.762251961727259,99.44970189898727,209.24151618512306,B
52.436872114919126,35.551612858256796,30.388956254026233,135.4450319333949,188.25054297734627,C
52.44966571108723,38.83563968039139,26.584725428143862,133.2251842909574,208.0738082373532,B
44.9305682462887,36.07490984808513,25.75474270754576,90.85807486827457,189.70423173507768,B
45.289616943816775,38.81998865739904,26.481704763043844,87.95575879276439,218.64715669568153,A
52.32049937357636,38.22768043309377,26.821692493491504,109.37548512150047,188.91168991869097,A
35.51915658502676,29.349159090406797,16.15931101570395,80.03229121623417,211.3130118170656,C
35.92536225623445,24.96337514322095,11.714159069877487,106.03583799638932,199.12211558945066,A
42.81555778747564,31.19485721502077,28.21442030341443,115.32160556769381,233.78150752316503,A
47.86552848288153,31.259117302064112,18.49353671817157,124.53866447768615,198.45818829234543,C
53.10907565598005,37.87109429422952,22.544196608135437,97.99691847040094,146.80902595379357,A
64.75356216949552,45.04442670751476,22.91753824084547,95.92652499646069,237.85764502141976,B
58.576596232020194,41.981910720729495,26.831490513752634,82.44034826486877,172.82803097412142,C
48.40061470036573,43.98870074333179,25.49973134670226,83.4623929192028,180.3870098405354,C
49.80983792097311,35.100875892618774,31.138673765378616,95.47042216196947,182.13016117869523,B
39.97470635362191,45.141675407084485,35.638441142329675,107.34731013632356,241.23314279512454,A
49.8148686400761,42.31848441646533,26.870337710814834,118.27169252466499,135.92977358063914,C
47.11341361079862,38.61491150711326,36.04018127635652,83.9364209863931,294.1324560097998,C
53.227185603380896,38.28995958179865,30.730033655225427,129.85377137919045,231.68170427198154,B
41.727690564476774,36.88370184862637,24.519265760003968,94.57752797914863,206.6971674238748,B
55.193465142411725,41.276582982740514,18.895985228424067,99.57265411303128,198.3531799815114,A
65.32738913002578,52.87196037724743,46.174142554436166,85.05576641704353,208.56662224572972,C
48.91239851543143,51.93034150368912,30.792949185527995,51.515194794541166,215.63367285138014,A
54.01711722098941,42.733394278168284,23.33178100689023,117.680907927221,219.3564675785017,A
56.90143991711113,51.267518565117285,39.97754472362066,114.73687794184866,216.66813398010345,B
45.987795281141636,33.27435409928387,33.0510574948558,94.37344885763574,202.68742043765747,C
52.24092481810417,41.61779740199853,34.66954945544104,101.33981434449744,194.07984739078023,C
50.12592400781795,48.95474238443191,36.52395614931177,110.31878435408198,195.46180149039463,C
50.97676098548832,37.64657349945182,28.731618816277418,68.74908286226915,194.15275158941958,B
42.26990216144534,42.87816451914092,33.42837739851987,89.4189464530741,234.01310290601194,B
50.245101742589426,43.73484107134892,33.6501031090913,115.88529359243654,217.80670166842586,B
54.979982912454496,41.17165245049226,29.944922411222084,74.91421153661501,111.7883409600716,B
64.51143607795042,54.771187557637944,38.756635706154064,105.87115864333259,219.67702329589284,B
59.59270826085207,52.53693885681531,36.525484688172625,72.8683639075319,205.84208584156323,C
71.53182457511556,60.334509471178436,39.2182982743582,109.32859964867053,199.43873730662307,A
42.326524371119504,26.010095897443325,17.08436682074323,99.28717035405033,188.34444640733344,C
58.723206367206785,43.34287921464109,23.56818819346722,67.69736368188981,233.72338159958042,A
51.83342005738352,40.229142868149296,27.767041500525508,123.29478708914343,228.42579386368573,B
71.89802933217672,57.14625632024115,36.04801499556513,85.30816846403901,176.81366996529172,A
41.91701714644849,36.636974204912185,21.231524674575446,83.79495125971238,212.21156861373606,C
41.602781578192236,34.17073026722006,24.63908779166795,,170.85029796376142,C
44.00607354555978,28.52813704289732,25.53770507540652,122.9727469885743,158.6114550563321,A
28.76104275690193,24.90982346055136,21.110142846395206,79.68356362043207,181.19848326230104,B
44.74244978319239,38.846888552973034,20.910819572588412,101.23359699695943,225.87180417148275,B
42.40867338446302,36.72589094722562,21.74961111677658,108.57633000661146,228.5937513612826,C
51.50393786476208,46.607053919582775,36.388022495660806,113.86211214526288,215.3925626029188,A
53.41755975777159,46.903658578961796,28.902611431120018,103.5288311055445,221.7528736054399,B
68.76170839215887,57.30526710986928,39.21515437692039,92.65944321833355,215.48534861344876,B
59.5042383818605,47.252562148195175,35.27700189983482,83.44819558702561,180.75555214331143,C
44.23096344337597,27.079966087120816,15.08259844153003,101.7228776609275,212.95767634021823,B
41.01585328651642,34.96077372487606,24.894043631997082,78.55721976028786,224.01228575683047,A
54.919191715065054,44.973791807867606,26.145552285834505,41.57299033010786,222.62873989440723,C
36.797667929793576,30.79602852981173,19.15174939506335,108.73119608315335,235.66740114423928,C
68.31458765854353,48.26792724773328,35.06667680998344,118.07869682172391,221.2491154160319,A
61.79440120721287,44.03023826372899,24.449191850483615,52.741351289163234,210.54344622624748,C
45.30824347895295,41.512359049826884,30.82055028672041,79.80538590580124,232.10450714949283,B
32.868654709091224,26.097147997989705,18.189452402886065,112.38308522010395,199.2043622225282,B
63.538723741654124,54.23848248018642,40.17689755379908,141.149909394234,173.54376046316847,A
48.85460154747382,39.225273118631364,28.353347719300597,100.41587415350816,195.1079910816871,B
62.378163119734616,50.05131119326642,40.492479555181866,85.43994117541732,177.65292065580653,A
54.96714153011233,36.001574930118025,28.954237674986608,102.50449005295815,194.5131067668548,B
48.61735698828815,35.89701047586166,23.063728420233666,91.41188917749494,241.24629257444553,C
56.47688538100692,45.207726803396454,32.02989187014145,102.44595006064567,180.62107462626395,B
65.23029856408026,52.41914182008792,34.84429811924137,110.86596058072776,176.02423980049238,C
47.658466252766644,35.8764456448171,23.37552704164271,100.97720140651408,185.51769433453902,C
